"","class","fueltype","engine","cylinders","consumption","emissions"
"2001 ACURA 1.7EL A4","CAR","GAS",1.7,4,9.3,191
"2001 ACURA 1.7EL M5","CAR","GAS",1.7,4,8.9,191
"2001 ACURA 3.2CL AS5","CAR","DIESEL",3.2,6,13.7,265
"2001 ACURA 3.2TL AS5","CAR","DIESEL",3.2,6,13.8,267
"2001 ACURA 3.5RL A4","CAR","DIESEL",3.5,6,15,301
"2001 ACURA INTEGRA A4","CAR","GAS",1.8,4,11.4,232
"2001 ACURA INTEGRA M5","CAR","GAS",1.8,4,10.6,221
"2001 ACURA INTEGRA GS-R M5","CAR","DIESEL",1.8,4,10.8,223
"2001 ACURA MDX A5","TRUCK/SUV","DIESEL",3.5,6,15.5,311
"2001 ACURA NSX AS4","CAR","DIESEL",3,6,15.3,306
"2001 ACURA NSX M6","CAR","DIESEL",3.2,6,15.6,308
"2001 AUDI A4 A5","CAR","DIESEL",1.8,4,13.2,260
"2001 AUDI A4 M5","CAR","DIESEL",1.8,4,11.8,232
"2001 AUDI A4 QUATTRO A5","CAR","DIESEL",1.8,4,13.3,265
"2001 AUDI A4 QUATTRO M5","CAR","DIESEL",1.8,4,12.2,244
"2001 AUDI A6 A5","CAR","DIESEL",2.8,6,15,294
"2001 AUDI A6 AVANT QUATTRO WAGON A5","TRUCK/SUV","DIESEL",2.8,6,15.4,306
"2001 AUDI A6 QUATTRO A5","CAR","DIESEL",2.7,6,15.2,301
"2001 AUDI A6 QUATTRO M6","CAR","DIESEL",2.7,6,15.2,304
"2001 AUDI A8 L A5","CAR","DIESEL",4.2,8,15.4,301
"2001 AUDI A8 QUATTRO A5","CAR","DIESEL",4.2,8,15.4,301
"2001 AUDI ALLROAD A5","TRUCK/SUV","DIESEL",2.7,6,17.1,345
"2001 AUDI ALLROAD M6","TRUCK/SUV","DIESEL",2.7,6,16.5,336
"2001 AUDI S4 QUATTRO A5","CAR","DIESEL",2.7,6,15.2,301
"2001 AUDI S4 QUATTRO M6","CAR","DIESEL",2.7,6,15.2,304
"2001 AUDI S8 QUATTRO # A5","CAR","DIESEL",4.2,8,17.8,347
"2001 AUDI TT COUPE QUATTRO M5","CAR","DIESEL",1.8,4,13.1,260
"2001 AUDI TT COUPE QUATTRO # M6","CAR","DIESEL",1.8,4,13.1,260
"2001 AUDI TT ROADSTER M5","CAR","DIESEL",1.8,4,12.3,246
"2001 AUDI TT ROADSTER QUATTRO # M6","CAR","DIESEL",1.8,4,13.1,260
"2001 BMW 320i A5","CAR","DIESEL",2.2,6,13.1,258
"2001 BMW 320i M5","CAR","DIESEL",2.2,6,12.8,251
"2001 BMW 325Ci A5","CAR","DIESEL",2.5,6,13.3,265
"2001 BMW 325Ci M5","CAR","DIESEL",2.5,6,13,253
"2001 BMW 325Ci CONVERTIBLE A5","CAR","DIESEL",2.5,6,13.7,274
"2001 BMW 325Ci CONVERTIBLE M5","CAR","DIESEL",2.5,6,13.9,274
"2001 BMW 325i A5","CAR","DIESEL",2.5,6,13.3,265
"2001 BMW 325i M5","CAR","DIESEL",2.5,6,13,253
"2001 BMW 325xi A5","CAR","DIESEL",2.5,6,13.5,274
"2001 BMW 325xi M5","CAR","DIESEL",2.5,6,13.6,271
"2001 BMW 330Ci A5","CAR","DIESEL",3,6,13.1,260
"2001 BMW 330Ci M5","CAR","DIESEL",3,6,12.8,251
"2001 BMW 330Ci CONVERTIBLE A5","CAR","DIESEL",3,6,14.2,281
"2001 BMW 330Ci CONVERTIBLE M5","CAR","DIESEL",3,6,14.5,290
"2001 BMW 330i A5","CAR","DIESEL",3,6,13.1,260
"2001 BMW 330i M5","CAR","DIESEL",3,6,12.8,251
"2001 BMW 330xi A5","CAR","DIESEL",3,6,14.6,290
"2001 BMW 330xi M5","CAR","DIESEL",3,6,13.4,267
"2001 BMW 525i A5","CAR","DIESEL",2.5,6,13.3,265
"2001 BMW 525i M5","CAR","DIESEL",2.5,6,13,253
"2001 BMW 525i SPORT WAGON A5","TRUCK/SUV","DIESEL",2.5,6,13.7,274
"2001 BMW 525i SPORT WAGON M5","TRUCK/SUV","DIESEL",2.5,6,13.9,274
"2001 BMW 530i A5","CAR","DIESEL",3,6,14.2,281
"2001 BMW 530i M5","CAR","DIESEL",3,6,12.8,251
"2001 BMW 540i A5","CAR","DIESEL",4.4,8,14.7,294
"2001 BMW 540i M6","CAR","DIESEL",4.4,8,16.4,317
"2001 BMW 540i SPORT WAGON A5","TRUCK/SUV","DIESEL",4.4,8,15.5,320
"2001 BMW 740i A5","CAR","DIESEL",4.4,8,15.4,308
"2001 BMW 740iL A5","CAR","DIESEL",4.4,8,15.4,308
"2001 BMW M COUPE M5","CAR","DIESEL",3.2,6,15.2,299
"2001 BMW M ROADSTER M5","CAR","DIESEL",3.2,6,15.2,299
"2001 BMW M3 M6","CAR","DIESEL",3.2,6,16.2,315
"2001 BMW M3 CONVERTIBLE M6","CAR","DIESEL",3.2,6,16.6,324
"2001 BMW M5 M6","CAR","DIESEL",4.9,8,19.4,373
"2001 BMW X5 A5","TRUCK/SUV","DIESEL",3,6,16.4,338
"2001 BMW X5 M5","TRUCK/SUV","DIESEL",3,6,17.3,347
"2001 BMW Z3 A4","CAR","DIESEL",2.5,6,13.3,267
"2001 BMW Z3 M5","CAR","DIESEL",2.5,6,13.3,265
"2001 BMW Z3 A5","CAR","DIESEL",3,6,13.5,274
"2001 BMW Z8 M6","CAR","DIESEL",4.9,8,19.4,373
"2001 BUICK CENTURY A4","CAR","GAS",3.1,6,13,258
"2001 BUICK LESABRE A4","CAR","GAS",3.8,6,13.8,265
"2001 BUICK PARK AVENUE A4","CAR","GAS",3.8,6,13.8,265
"2001 BUICK PARK AVENUE # A4","CAR","DIESEL",3.8,6,14.5,278
"2001 BUICK REGAL A4","CAR","GAS",3.8,6,14.3,271
"2001 BUICK REGAL # A4","CAR","DIESEL",3.8,6,14.5,278
"2001 CADILLAC CATERA A4","CAR","DIESEL",3,6,15.4,308
"2001 CADILLAC DEVILLE A4","CAR","DIESEL",4.6,8,15.6,294
"2001 CADILLAC ELDORADO A4","CAR","DIESEL",4.6,8,15.6,294
"2001 CADILLAC SEVILLE A4","CAR","DIESEL",4.6,8,15.6,294
"2001 CHEVROLET ASTRO CARGO A4","TRUCK/SUV","GAS",4.3,6,15.4,313
"2001 CHEVROLET ASTRO CARGO AWD A4","TRUCK/SUV","GAS",4.3,6,17.2,350
"2001 CHEVROLET ASTRO PASSENGER A4","TRUCK/SUV","GAS",4.3,6,16,324
"2001 CHEVROLET ASTRO PASSENGER AWD A4","TRUCK/SUV","GAS",4.3,6,17.9,370
"2001 CHEVROLET BLAZER A4","TRUCK/SUV","GAS",4.3,6,15.4,313
"2001 CHEVROLET BLAZER M5","TRUCK/SUV","GAS",4.3,6,17,343
"2001 CHEVROLET BLAZER 4X4 A4","TRUCK/SUV","GAS",4.3,6,17.2,350
"2001 CHEVROLET BLAZER 4X4 M5","TRUCK/SUV","GAS",4.3,6,18.7,386
"2001 CHEVROLET C1500 SILVERADO A4","TRUCK/SUV","GAS",4.3,6,16,324
"2001 CHEVROLET C1500 SILVERADO M5","TRUCK/SUV","GAS",4.3,6,17.1,347
"2001 CHEVROLET C1500 SUBURBAN A4","TRUCK/SUV","GAS",5.3,8,18.7,391
"2001 CHEVROLET C1500 TAHOE A4","TRUCK/SUV","GAS",4.8,8,17.6,357
"2001 CHEVROLET CAMARO A4","CAR","GAS",3.8,6,13.7,262
"2001 CHEVROLET CAMARO M5","CAR","GAS",3.8,6,13.8,262
"2001 CHEVROLET CAMARO M6","CAR","DIESEL",5.7,8,13.9,274
"2001 CHEVROLET CAVALIER A4","CAR","GAS",2.2,4,11.7,235
"2001 CHEVROLET CAVALIER M5","CAR","GAS",2.2,4,12.2,239
"2001 CHEVROLET CAVALIER BI-FUEL A4","CAR","GAS",2.2,4,11.7,235
"2001 CHEVROLET CORVETTE A4","CAR","DIESEL",5.7,8,14.7,292
"2001 CHEVROLET CORVETTE M6","CAR","DIESEL",5.7,8,13.9,274
"2001 CHEVROLET G15/G25 CHEVY VAN A4","TRUCK/SUV","GAS",4.3,6,17.7,368
"2001 CHEVROLET G1500/G2500 CHEVY EXPRESS A4","TRUCK/SUV","GAS",4.3,6,18.3,380
"2001 CHEVROLET IMPALA A4","CAR","GAS",3.4,6,12.5,239
"2001 CHEVROLET K1500 SILVERADO 4X4 A4","TRUCK/SUV","GAS",4.3,6,17.2,350
"2001 CHEVROLET K1500 SILVERADO 4X4 M5","TRUCK/SUV","GAS",4.3,6,18.7,386
"2001 CHEVROLET K1500 SUBURBAN 4X4 A4","TRUCK/SUV","GAS",5.3,8,19.1,403
"2001 CHEVROLET K1500 TAHOE 4X4 A4","TRUCK/SUV","GAS",4.8,8,17.1,357
"2001 CHEVROLET MALIBU A4","CAR","GAS",3.1,6,13,258
"2001 CHEVROLET MONTE CARLO A4","CAR","GAS",3.4,6,12.5,239
"2001 CHEVROLET S10 A4","TRUCK/SUV","GAS",4.3,6,15.4,313
"2001 CHEVROLET S10 M5","TRUCK/SUV","GAS",4.3,6,17,343
"2001 CHEVROLET S10 4X4 A4","TRUCK/SUV","GAS",4.3,6,18.2,380
"2001 CHEVROLET S10 4X4 M5","TRUCK/SUV","GAS",4.3,6,18.6,384
"2001 CHEVROLET S10 FFV A4","TRUCK/SUV","GAS",2.2,4,14.2,283
"2001 CHEVROLET S10 FFV M5","TRUCK/SUV","GAS",2.2,4,13,260
"2001 CHEVROLET TRACKER CONVERTIBLE 4X4 M5","TRUCK/SUV","GAS",1.6,4,10.5,228
"2001 CHEVROLET TRACKER CONVERTIBLE 4X4 A4","TRUCK/SUV","GAS",2,4,11.7,251
"2001 CHEVROLET TRACKER VAN 4X4 A4","TRUCK/SUV","GAS",2,4,11.7,251
"2001 CHEVROLET TRACKER VAN 4X4 M5","TRUCK/SUV","GAS",2,4,11.9,253
"2001 CHEVROLET VENTURE A4","TRUCK/SUV","GAS",3.4,6,13.8,276
"2001 CHRYSLER 300M AS4","CAR","GAS",3.5,6,14.7,288
"2001 CHRYSLER CONCORDE A4","CAR","GAS",2.7,6,13.4,265
"2001 CHRYSLER INTREPID A4","CAR","GAS",2.7,6,13.4,265
"2001 CHRYSLER INTREPID AS4","CAR","GAS",2.7,6,13.3,262
"2001 CHRYSLER LHS A4","CAR","GAS",3.5,6,14.7,288
"2001 CHRYSLER NEON A3","CAR","GAS",2,4,11.3,230
"2001 CHRYSLER NEON M5","CAR","GAS",2,4,9.9,205
"2001 CHRYSLER NEON R/T # M5","CAR","GAS",2,4,10.5,216
"2001 CHRYSLER PT CRUISER A4","TRUCK/SUV","GAS",2.4,4,13.4,276
"2001 CHRYSLER PT CRUISER M5","TRUCK/SUV","GAS",2.4,4,13.2,269
"2001 CHRYSLER SEBRING A4","CAR","GAS",2.4,4,13.2,253
"2001 CHRYSLER SEBRING AS4","CAR","GAS",2.7,6,13.3,262
"2001 CHRYSLER SEBRING CONVERTIBLE A4","CAR","GAS",2.7,6,13.4,265
"2001 CHRYSLER SEBRING CONVERTIBLE AS4","CAR","GAS",2.7,6,13.3,262
"2001 CHRYSLER SEBRING COUPE A4","CAR","GAS",2.4,4,13,262
"2001 CHRYSLER SEBRING COUPE AS4","CAR","GAS",3,6,13.8,274
"2001 CHRYSLER SEBRING COUPE M5","CAR","GAS",3,6,13.1,260
"2001 CHRYSLER TOWN & COUNTRY A4","TRUCK/SUV","GAS",3.3,6,14.9,299
"2001 CHRYSLER TOWN & COUNTRY AWD A4","TRUCK/SUV","GAS",3.8,6,15.6,315
"2001 DAEWOO LANOS A4","CAR","GAS",1.5,4,11.3,216
"2001 DAEWOO LANOS M5","CAR","GAS",1.5,4,10.3,205
"2001 DAEWOO LEGANZA A4","CAR","GAS",2.2,4,13.4,265
"2001 DAEWOO LEGANZA M5","CAR","GAS",2.2,4,13.1,258
"2001 DAEWOO NUBIRA A4","CAR","GAS",2,4,12,239
"2001 DAEWOO NUBIRA M5","CAR","GAS",2,4,11.9,237
"2001 DAEWOO NUBIRA WAGON A4","TRUCK/SUV","GAS",2,4,12,239
"2001 DAEWOO NUBIRA WAGON M5","TRUCK/SUV","GAS",2,4,11.9,237
"2001 DODGE CARAVAN A4","TRUCK/SUV","GAS",3.3,6,14.9,299
"2001 DODGE DAKOTA A4","TRUCK/SUV","GAS",3.9,6,16.8,343
"2001 DODGE DAKOTA M5","TRUCK/SUV","GAS",3.9,6,17.7,347
"2001 DODGE DAKOTA 4X4 A4","TRUCK/SUV","GAS",3.9,6,18.1,373
"2001 DODGE DAKOTA 4X4 M5","TRUCK/SUV","GAS",3.9,6,18.1,361
"2001 DODGE DURANGO 4X4 A4","TRUCK/SUV","GAS",4.7,8,20.2,403
"2001 DODGE DURANGO 5.9 R/T 4X4 # A4","TRUCK/SUV","DIESEL",5.9,8,21.6,428
"2001 DODGE GRAND CARAVAN A4","TRUCK/SUV","GAS",3.3,6,14.9,299
"2001 DODGE GRAND CARAVAN AS4","TRUCK/SUV","GAS",3.8,6,15.3,306
"2001 DODGE GRAND CARAVAN AWD A4","TRUCK/SUV","GAS",3.8,6,15.6,315
"2001 DODGE GRAND CARAVAN AWD AS4","TRUCK/SUV","GAS",3.8,6,15.9,317
"2001 DODGE RAM 1500 A4","TRUCK/SUV","GAS",3.9,6,17,347
"2001 DODGE RAM 1500 M5","TRUCK/SUV","GAS",3.9,6,18.2,359
"2001 DODGE RAM 1500 4X4 A4","TRUCK/SUV","GAS",5.2,8,21.6,435
"2001 DODGE RAM 1500 4X4 M5","TRUCK/SUV","GAS",5.2,8,22.1,439
"2001 DODGE RAM 1500 VAN A3","TRUCK/SUV","GAS",3.9,6,17.8,384
"2001 DODGE RAM 1500 VAN A4","TRUCK/SUV","GAS",5.2,8,20,396
"2001 DODGE RAM 1500 WAGON A3","TRUCK/SUV","GAS",3.9,6,18.9,400
"2001 DODGE RAM 1500 WAGON A4","TRUCK/SUV","GAS",5.2,8,20,396
"2001 DODGE RAM 2500 VAN A3","TRUCK/SUV","GAS",3.9,6,18.9,400
"2001 DODGE RAM 2500 VAN A4","TRUCK/SUV","GAS",5.2,8,20,396
"2001 DODGE RAM 2500 WAGON A4","TRUCK/SUV","GAS",5.2,8,21.4,435
"2001 FORD COUGAR A4","CAR","GAS",2.5,6,13.3,260
"2001 FORD COUGAR M5","CAR","GAS",2.5,6,12.9,251
"2001 FORD CROWN VICTORIA A4","CAR","GAS",4.6,8,14.9,294
"2001 FORD E150 CLUB WAGON A4","TRUCK/SUV","GAS",4.2,6,18,363
"2001 FORD E150 VAN A4","TRUCK/SUV","GAS",4.2,6,18,363
"2001 FORD E250 VAN A4","TRUCK/SUV","GAS",4.2,6,18,363
"2001 FORD ESCAPE M5","TRUCK/SUV","GAS",2,4,11.4,239
"2001 FORD ESCAPE A4","TRUCK/SUV","GAS",3,6,14.7,294
"2001 FORD ESCAPE 4X4 M5","TRUCK/SUV","GAS",2,4,12,253
"2001 FORD ESCAPE 4X4 A4","TRUCK/SUV","GAS",3,6,15,301
"2001 FORD EX SPORT 4X4 A5","TRUCK/SUV","GAS",4,6,17.4,357
"2001 FORD EX SPORT TRAC A5","TRUCK/SUV","GAS",4,6,16.7,340
"2001 FORD EX SPORT TRAC M5","TRUCK/SUV","GAS",4,6,15.3,320
"2001 FORD EX SPORT TRAC 4X4 A5","TRUCK/SUV","GAS",4,6,17.4,357
"2001 FORD EX SPORT TRAC 4X4 M5","TRUCK/SUV","GAS",4,6,16.3,340
"2001 FORD EXPEDITION 4X4 A4","TRUCK/SUV","GAS",4.6,8,18.7,382
"2001 FORD EXPLORER 4X4 A5","TRUCK/SUV","GAS",4,6,17.4,357
"2001 FORD EXPLORER 4X4 A4","TRUCK/SUV","GAS",5,8,18.6,373
"2001 FORD F150 A4","TRUCK/SUV","GAS",4.2,6,16.4,338
"2001 FORD F150 M5","TRUCK/SUV","GAS",4.2,6,16.2,336
"2001 FORD F150 4X4 A4","TRUCK/SUV","GAS",4.2,6,17.1,354
"2001 FORD F150 4X4 M5","TRUCK/SUV","GAS",4.2,6,17.2,357
"2001 FORD FOCUS A4","CAR","GAS",2,4,10.5,214
"2001 FORD FOCUS M5","CAR","GAS",2,4,9.6,196
"2001 FORD FOCUS # A4","CAR","GAS",2,4,10.9,223
"2001 FORD FOCUS # M5","CAR","GAS",2,4,10.9,219
"2001 FORD FOCUS WAGON A4","TRUCK/SUV","GAS",2,4,10.5,214
"2001 FORD FOCUS WAGON M5","TRUCK/SUV","GAS",2,4,9.6,196
"2001 FORD FOCUS WAGON # A4","TRUCK/SUV","GAS",2,4,10.9,223
"2001 FORD FOCUS WAGON # M5","TRUCK/SUV","GAS",2,4,10.9,219
"2001 FORD GRAND MARQUIS A4","CAR","GAS",4.6,8,14.9,294
"2001 FORD MUSTANG A4","CAR","GAS",3.8,6,13.8,274
"2001 FORD MUSTANG M5","CAR","GAS",3.8,6,13.7,267
"2001 FORD MUSTANG # M5","CAR","DIESEL",4.6,8,15.5,304
"2001 FORD RANGER A5","TRUCK/SUV","GAS",3,6,16,327
"2001 FORD RANGER M5","TRUCK/SUV","GAS",3,6,15.2,311
"2001 FORD RANGER 4X4 A5","TRUCK/SUV","GAS",3,6,17.4,361
"2001 FORD RANGER 4X4 M5","TRUCK/SUV","GAS",3,6,15.7,329
"2001 FORD TAURUS A4","CAR","GAS",3,6,14.6,283
"2001 FORD TAURUS # A4","CAR","GAS",3,6,13.5,269
"2001 FORD TAURUS WAGON A4","TRUCK/SUV","GAS",3,6,14.9,290
"2001 FORD TAURUS WAGON # A4","TRUCK/SUV","GAS",3,6,14.3,283
"2001 FORD WINDSTAR WAGON A4","TRUCK/SUV","GAS",3.8,6,14.9,299
"2001 GMC C1500 SIERRA A4","TRUCK/SUV","GAS",4.3,6,16,324
"2001 GMC C1500 SIERRA M5","TRUCK/SUV","GAS",4.3,6,17.1,347
"2001 GMC C1500 YUKON A4","TRUCK/SUV","GAS",4.8,8,17.6,357
"2001 GMC C1500 YUKON XL A4","TRUCK/SUV","GAS",5.3,8,18.7,391
"2001 GMC G15/G25 SAVANA CARGO A4","TRUCK/SUV","GAS",4.3,6,17.8,368
"2001 GMC G1500/G2500 SAVANA PASSENGER A4","TRUCK/SUV","GAS",4.3,6,18.3,380
"2001 GMC JIMMY A4","TRUCK/SUV","GAS",4.3,6,15.4,313
"2001 GMC JIMMY M5","TRUCK/SUV","GAS",4.3,6,17,343
"2001 GMC JIMMY 4X4 A4","TRUCK/SUV","GAS",4.3,6,17.2,350
"2001 GMC JIMMY 4X4 M5","TRUCK/SUV","GAS",4.3,6,18.7,386
"2001 GMC K1500 SIERRA 4X4 A4","TRUCK/SUV","GAS",4.3,6,17.2,350
"2001 GMC K1500 SIERRA 4X4 M5","TRUCK/SUV","GAS",4.3,6,18.7,386
"2001 GMC K1500 YUKON 4X4 A4","TRUCK/SUV","GAS",4.8,8,18.9,391
"2001 GMC K1500 YUKON XL 4X4 A4","TRUCK/SUV","GAS",5.3,8,19.1,403
"2001 GMC SAFARI CARGO A4","TRUCK/SUV","GAS",4.3,6,15.4,313
"2001 GMC SAFARI CARGO AWD A4","TRUCK/SUV","GAS",4.3,6,17.2,350
"2001 GMC SAFARI PASSENGER A4","TRUCK/SUV","GAS",4.3,6,16,324
"2001 GMC SAFARI PASSENGER AWD A4","TRUCK/SUV","GAS",4.3,6,17.9,370
"2001 GMC SONOMA A4","TRUCK/SUV","GAS",4.3,6,15.4,313
"2001 GMC SONOMA M5","TRUCK/SUV","GAS",4.3,6,17,338
"2001 GMC SONOMA 4X4 A4","TRUCK/SUV","GAS",4.3,6,18.2,380
"2001 GMC SONOMA 4X4 M5","TRUCK/SUV","GAS",4.3,6,18.6,384
"2001 GMC SONOMA FFV A4","TRUCK/SUV","GAS",2.2,4,14.2,283
"2001 GMC SONOMA FFV M5","TRUCK/SUV","GAS",2.2,4,13,260
"2001 HONDA ACCORD A4","CAR","GAS",2.3,4,11.8,239
"2001 HONDA ACCORD M5","CAR","GAS",2.3,4,11,223
"2001 HONDA CIVIC A4","CAR","GAS",1.7,4,9.3,189
"2001 HONDA CIVIC M5","CAR","GAS",1.7,4,8.6,179
"2001 HONDA CIVIC Si/Si-G A4","CAR","GAS",1.7,4,9.3,191
"2001 HONDA CIVIC Si/Si-G M5","CAR","GAS",1.7,4,8.9,191
"2001 HONDA CR-V A4","TRUCK/SUV","GAS",2,4,12.5,267
"2001 HONDA CR-V M5","TRUCK/SUV","GAS",2,4,12.5,267
"2001 HONDA ODYSSEY A4","TRUCK/SUV","GAS",3.5,6,14.9,294
"2001 HONDA PRELUDE AS4","CAR","DIESEL",2.2,4,12.7,260
"2001 HONDA PRELUDE M5","CAR","DIESEL",2.2,4,12,251
"2001 HONDA S2000 M6","CAR","DIESEL",2,4,13.2,269
"2001 HYUNDAI ACCENT A4","CAR","GAS",1.5,4,10.8,214
"2001 HYUNDAI ACCENT M5","CAR","GAS",1.5,4,9.6,196
"2001 HYUNDAI ELANTRA A4","CAR","GAS",2,4,11,219
"2001 HYUNDAI ELANTRA M5","CAR","GAS",2,4,11,219
"2001 HYUNDAI SANTA FE A4","TRUCK/SUV","GAS",2.7,6,14.2,292
"2001 HYUNDAI SONATA 2.4L A4","CAR","GAS",2.4,4,12.9,258
"2001 HYUNDAI SONATA 2.5L A4","CAR","GAS",2.5,6,13.4,267
"2001 HYUNDAI TIBURON A4","CAR","GAS",2,4,12.5,246
"2001 HYUNDAI TIBURON M5","CAR","GAS",2,4,11.5,230
"2001 HYUNDAI XG300 A5","CAR","GAS",3,6,14.2,278
"2001 INFINITI G20 A4","CAR","GAS",2,4,11.6,235
"2001 INFINITI G20 M5","CAR","GAS",2,4,11.4,230
"2001 INFINITI I30 A4","CAR","GAS",3,6,13.6,271
"2001 INFINITI Q45 A4","CAR","DIESEL",4.1,8,15,304
"2001 INFINITI QX4 4X4 A4","TRUCK/SUV","GAS",3.5,6,17.3,363
"2001 ISUZU RODEO 4X4 A4","TRUCK/SUV","GAS",3.2,6,16.2,334
"2001 ISUZU RODEO 4X4 M5","TRUCK/SUV","GAS",3.2,6,16.3,336
"2001 ISUZU TROOPER 4X4 A4","TRUCK/SUV","GAS",3.5,6,17.3,359
"2001 ISUZU TROOPER 4X4 M5","TRUCK/SUV","GAS",3.5,6,17.7,366
"2001 JAGUAR S-TYPE A5","CAR","DIESEL",3,6,14.9,292
"2001 JAGUAR VANDEN PLAS A5","CAR","DIESEL",4,8,15.3,306
"2001 JAGUAR XJ8 A5","CAR","DIESEL",4,8,15.3,306
"2001 JAGUAR XJ8L A5","CAR","DIESEL",4,8,15.3,306
"2001 JAGUAR XJR # A5","CAR","DIESEL",4,8,16.3,327
"2001 JAGUAR XK8 A5","CAR","DIESEL",4,8,15.3,306
"2001 JAGUAR XK8 CONVERTIBLE A5","CAR","DIESEL",4,8,15.3,306
"2001 JAGUAR XKR # A5","CAR","DIESEL",4,8,16.3,327
"2001 JAGUAR XKR CONVERTIBLE # A5","CAR","DIESEL",4,8,16.3,327
"2001 JEEP CHEROKEE 4X4 A4","TRUCK/SUV","GAS",4,6,17.3,352
"2001 JEEP CHEROKEE 4X4 M5","TRUCK/SUV","GAS",4,6,15.2,313
"2001 JEEP GRAND CHEROKEE 4X4 A4","TRUCK/SUV","GAS",4,6,16.6,338
"2001 JEEP GRAND CHEROKEE 4X4 A5","TRUCK/SUV","GAS",4.7,8,18.4,370
"2001 JEEP LIBERTY 4X4 A4","CAR","DIESEL",3.7,6,16.5,343
"2001 JEEP TJ 4X4 A3","TRUCK/SUV","GAS",2.5,4,16.4,352
"2001 JEEP TJ 4X4 M5","TRUCK/SUV","GAS",2.5,4,14.2,311
"2001 KIA MAGENTIS A4","CAR","GAS",2.4,4,13.3,267
"2001 KIA MAGENTIS M5","CAR","GAS",2.4,4,12.5,253
"2001 KIA RIO A4","CAR","GAS",1.5,4,10.6,221
"2001 KIA RIO M5","CAR","GAS",1.5,4,9.9,209
"2001 KIA SEPHIA A4","CAR","GAS",1.8,4,12.1,239
"2001 KIA SEPHIA M5","CAR","GAS",1.8,4,11.7,239
"2001 KIA SPORTAGE A4","TRUCK/SUV","GAS",2,4,14.6,306
"2001 KIA SPORTAGE M5","TRUCK/SUV","GAS",2,4,13.3,288
"2001 LEXUS ES 300 A4","CAR","GAS",3,6,13.8,276
"2001 LEXUS GS 300 AS5","CAR","DIESEL",3,6,14.9,299
"2001 LEXUS GS 430 A5","CAR","DIESEL",4.3,8,14.5,297
"2001 LEXUS IS 300 AS5","CAR","DIESEL",3,6,14.9,304
"2001 LEXUS LS 430 A5","CAR","DIESEL",4.3,8,14.4,290
"2001 LEXUS LX 470 A4","TRUCK/SUV","GAS",4.7,8,20.2,421
"2001 LEXUS RX 300 A4","TRUCK/SUV","GAS",3,6,14.3,294
"2001 LEXUS RX 300 4X4 A4","TRUCK/SUV","GAS",3,6,14.6,304
"2001 LINCOLN CONTINENTAL A4","CAR","DIESEL",4.6,8,15.2,297
"2001 LINCOLN LS A5","CAR","DIESEL",3,6,15.6,306
"2001 LINCOLN LS M5","CAR","DIESEL",3,6,14.6,288
"2001 LINCOLN NAVIGATOR 4X4 A4","TRUCK/SUV","DIESEL",5.4,8,22.4,449
"2001 LINCOLN TOWN CAR A4","CAR","GAS",4.6,8,14.9,294
"2001 MAZDA 626 A4","CAR","GAS",2,4,12.8,258
"2001 MAZDA 626 M5","CAR","GAS",2,4,10.8,221
"2001 MAZDA B3000 A5","TRUCK/SUV","GAS",3,6,16,327
"2001 MAZDA B3000 M5","TRUCK/SUV","GAS",3,6,15.2,311
"2001 MAZDA B4000 A5","TRUCK/SUV","GAS",4,6,16.4,336
"2001 MAZDA B4000 M5","TRUCK/SUV","GAS",4,6,15.4,320
"2001 MAZDA B4000 4X4 A5","TRUCK/SUV","GAS",4,6,17.3,359
"2001 MAZDA B4000 4X4 M5","TRUCK/SUV","GAS",4,6,16.9,350
"2001 MAZDA MILLENIA A4","CAR","DIESEL",2.5,6,13.8,276
"2001 MAZDA MILLENIA # A4","CAR","DIESEL",2.3,6,13.7,271
"2001 MAZDA MPV A4","TRUCK/SUV","GAS",2.5,6,15.2,313
"2001 MAZDA MX-5 MIATA A4","CAR","DIESEL",1.8,4,12,248
"2001 MAZDA MX-5 MIATA M5","CAR","DIESEL",1.8,4,11.6,242
"2001 MAZDA MX-5 MIATA M6","CAR","DIESEL",1.8,4,11.8,246
"2001 MAZDA PROTEGE A4","CAR","GAS",1.6,4,10.6,221
"2001 MAZDA PROTEGE M5","CAR","GAS",1.6,4,9.8,207
"2001 MAZDA TRIBUTE M5","TRUCK/SUV","GAS",2,4,11.4,239
"2001 MAZDA TRIBUTE A4","TRUCK/SUV","GAS",3,6,14.7,294
"2001 MAZDA TRIBUTE 4X4 M5","TRUCK/SUV","GAS",2,4,12,253
"2001 MAZDA TRIBUTE 4X4 A4","TRUCK/SUV","GAS",3,6,15,301
"2001 MERCEDES-BENZ C 240 A5","CAR","DIESEL",2.6,6,13.4,269
"2001 MERCEDES-BENZ C 240 M6","CAR","DIESEL",2.6,6,14.5,283
"2001 MERCEDES-BENZ C 320 A5","CAR","DIESEL",3.2,6,13.8,278
"2001 MERCEDES-BENZ CL 500 A5","CAR","DIESEL",5,8,16.2,320
"2001 MERCEDES-BENZ CLK 320 A5","CAR","DIESEL",3.2,6,12.9,255
"2001 MERCEDES-BENZ CLK 320 CABRIOLET A5","CAR","DIESEL",3.2,6,13.3,260
"2001 MERCEDES-BENZ CLK 430 A5","CAR","DIESEL",4.3,8,14.5,290
"2001 MERCEDES-BENZ CLK 430 CABRIOLET A5","CAR","DIESEL",4.3,8,14.8,297
"2001 MERCEDES-BENZ CLK 55 AMG A5","CAR","DIESEL",5.5,8,15.1,301
"2001 MERCEDES-BENZ E 320 A5","CAR","DIESEL",3.2,6,13.1,260
"2001 MERCEDES-BENZ E 320 4MATIC 4X4 A5","CAR","DIESEL",3.2,6,13.4,269
"2001 MERCEDES-BENZ E 320 4MATIC WAGON 4X4 A5","TRUCK/SUV","DIESEL",3.2,6,13.5,271
"2001 MERCEDES-BENZ E 320 WAGON A5","TRUCK/SUV","DIESEL",2.3,6,13.5,267
"2001 MERCEDES-BENZ E 430 A5","CAR","DIESEL",4.3,8,14.7,292
"2001 MERCEDES-BENZ E 430 4MATIC 4X4 A5","CAR","DIESEL",4.3,8,15.1,304
"2001 MERCEDES-BENZ E 55 AMG A5","CAR","DIESEL",5.5,8,15.2,304
"2001 MERCEDES-BENZ ML 320 4X4 A5","TRUCK/SUV","DIESEL",3.2,6,15.5,322
"2001 MERCEDES-BENZ ML 430 4X4 A5","TRUCK/SUV","DIESEL",4.3,8,16.5,340
"2001 MERCEDES-BENZ ML 55 AMG 4X4 A5","TRUCK/SUV","DIESEL",5.5,8,19,393
"2001 MERCEDES-BENZ S 430 A5","CAR","DIESEL",4.3,8,14.9,292
"2001 MERCEDES-BENZ S 500 A5","CAR","DIESEL",5,8,16.2,320
"2001 MERCEDES-BENZ SL 500 A5","CAR","DIESEL",5,8,16.3,322
"2001 MERCEDES-BENZ SLK 230 KOMPRESSOR A5","CAR","DIESEL",2.3,6,11.8,239
"2001 MERCEDES-BENZ SLK 230 KOMPRESSOR M6","CAR","DIESEL",2.3,6,13.2,258
"2001 MERCEDES-BENZ SLK 320 A5","CAR","DIESEL",3.2,6,12.9,260
"2001 MERCEDES-BENZ SLK 320 M6","CAR","DIESEL",3.2,6,14.6,283
"2001 NISSAN ALTIMA A4","CAR","GAS",2.4,4,12.3,251
"2001 NISSAN ALTIMA M5","CAR","GAS",2.4,4,11.6,235
"2001 NISSAN FRONTIER A4","TRUCK/SUV","GAS",2.4,4,13.5,283
"2001 NISSAN FRONTIER M5","TRUCK/SUV","GAS",2.4,4,12,255
"2001 NISSAN FRONTIER V6 A4","TRUCK/SUV","GAS",3.3,6,16.6,345
"2001 NISSAN FRONTIER V6 M5","TRUCK/SUV","GAS",3.3,6,16,340
"2001 NISSAN FRONTIER V6 # A4","TRUCK/SUV","DIESEL",3.3,6,17,359
"2001 NISSAN FRONTIER V6 # M5","TRUCK/SUV","DIESEL",3.3,6,17.3,366
"2001 NISSAN FRONTIER V6 4X4 A4","TRUCK/SUV","GAS",3.3,6,17,357
"2001 NISSAN FRONTIER V6 4X4 M5","TRUCK/SUV","GAS",3.3,6,16.2,347
"2001 NISSAN FRONTIER V6 4X4 # A4","TRUCK/SUV","DIESEL",3.3,6,17.4,366
"2001 NISSAN FRONTIER V6 4X4 # M5","TRUCK/SUV","DIESEL",3.3,6,17.6,373
"2001 NISSAN MAXIMA A4","CAR","GAS",3,6,13.6,271
"2001 NISSAN MAXIMA M5","CAR","GAS",3,6,12.2,251
"2001 NISSAN PATHFINDER 4X4 A4","TRUCK/SUV","GAS",3.5,6,17.3,363
"2001 NISSAN PATHFINDER 4X4 M5","TRUCK/SUV","GAS",3.5,6,16.4,350
"2001 NISSAN QUEST A4","TRUCK/SUV","GAS",3.3,6,15.5,311
"2001 NISSAN SENTRA A4","CAR","GAS",1.8,4,10.3,212
"2001 NISSAN SENTRA M5","CAR","GAS",1.8,4,10.1,205
"2001 NISSAN XTERRA V6 4X4 A4","TRUCK/SUV","GAS",3.3,6,17,357
"2001 NISSAN XTERRA V6 4X4 M5","TRUCK/SUV","GAS",3.3,6,16.2,347
"2001 OLDSMOBILE ALERO A4","CAR","GAS",2.4,4,12.7,251
"2001 OLDSMOBILE ALERO M5","CAR","GAS",2.4,4,13.1,255
"2001 OLDSMOBILE AURORA A4","CAR","GAS",3.5,6,14.9,288
"2001 OLDSMOBILE INTRIGUE A4","CAR","GAS",3.5,6,13.8,271
"2001 OLDSMOBILE SILHOUETTE A4","TRUCK/SUV","GAS",3.4,6,13.8,276
"2001 PLYMOUTH PROWLER AS4","CAR","DIESEL",3.5,6,15.4,311
"2001 PONTIAC AZTEK A4","TRUCK/SUV","GAS",3.4,6,13.8,276
"2001 PONTIAC AZTEK AWD A4","TRUCK/SUV","GAS",3.4,6,14.3,288
"2001 PONTIAC BONNEVILLE A4","CAR","GAS",3.8,6,13.8,265
"2001 PONTIAC BONNEVILLE # A4","CAR","DIESEL",3.8,6,14.5,278
"2001 PONTIAC FIREBIRD A4","CAR","GAS",3.8,6,13.7,260
"2001 PONTIAC FIREBIRD M5","CAR","GAS",3.8,6,13.8,260
"2001 PONTIAC FIREBIRD M6","CAR","DIESEL",5.7,8,14.4,283
"2001 PONTIAC GRAND AM A4","CAR","GAS",2.4,4,12.7,251
"2001 PONTIAC GRAND AM M5","CAR","GAS",2.4,4,12.9,251
"2001 PONTIAC GRAND PRIX A4","CAR","GAS",3.1,6,13,258
"2001 PONTIAC GRAND PRIX # A4","CAR","DIESEL",3.8,6,14.3,276
"2001 PONTIAC MONTANA A4","TRUCK/SUV","GAS",3.4,6,13.8,276
"2001 PONTIAC SUNFIRE A4","CAR","GAS",2.2,4,11.7,235
"2001 PONTIAC SUNFIRE M5","CAR","GAS",2.2,4,12.2,239
"2001 PORSCHE 911 CARRERA AS5","CAR","DIESEL",3.4,6,16,308
"2001 PORSCHE 911 CARRERA M6","CAR","DIESEL",3.4,6,15.4,301
"2001 PORSCHE 911 CARRERA 4 AS5","CAR","DIESEL",3.4,6,16,313
"2001 PORSCHE 911 CARRERA 4 M6","CAR","DIESEL",3.4,6,15.7,311
"2001 PORSCHE 911 TURBO AS5","CAR","DIESEL",3.6,6,17.7,343
"2001 PORSCHE 911 TURBO M6","CAR","DIESEL",3.6,6,17.2,338
"2001 PORSCHE BOXSTER AS5","CAR","DIESEL",2.7,6,15,297
"2001 PORSCHE BOXSTER M5","CAR","DIESEL",2.7,6,13.7,271
"2001 PORSCHE BOXSTER S AS5","CAR","DIESEL",3.2,6,15.9,311
"2001 PORSCHE BOXSTER S M6","CAR","DIESEL",3.2,6,15,294
"2001 SAAB 9-3 TURBO A4","CAR","GAS",2,4,12.7,255
"2001 SAAB 9-3 TURBO M5","CAR","GAS",2,4,13,260
"2001 SAAB 9-3 TURBO # A4","CAR","DIESEL",2,4,12.7,253
"2001 SAAB 9-3 TURBO # M5","CAR","DIESEL",2,4,12.2,242
"2001 SAAB 9-5 TURBO A4","CAR","GAS",2.3,4,13.3,262
"2001 SAAB 9-5 TURBO M5","CAR","GAS",2.3,4,13.1,255
"2001 SAAB 9-5 TURBO # A4","CAR","DIESEL",2.3,4,14,281
"2001 SAAB 9-5 TURBO # M5","CAR","DIESEL",2.3,4,13.2,265
"2001 SAAB 9-5 WAGON TURBO A4","TRUCK/SUV","GAS",2.3,4,13.3,262
"2001 SAAB 9-5 WAGON TURBO M5","TRUCK/SUV","GAS",2.3,4,13.1,255
"2001 SAAB 9-5 WAGON TURBO # A4","TRUCK/SUV","DIESEL",2.3,4,14,281
"2001 SAAB 9-5 WAGON TURBO # M5","TRUCK/SUV","DIESEL",2.3,4,13.2,265
"2001 SATURN L100/200 A4","CAR","GAS",2.2,4,11.7,235
"2001 SATURN L100/200 M5","CAR","GAS",2.2,4,12.2,239
"2001 SATURN L300 A4","CAR","GAS",3,6,13.3,269
"2001 SATURN LW200 WAGON A4","TRUCK/SUV","GAS",2.2,4,11.3,225
"2001 SATURN LW300 WAGON A4","TRUCK/SUV","GAS",3,6,13.3,269
"2001 SATURN SC COUPE A4","CAR","GAS",1.9,4,10.3,205
"2001 SATURN SC COUPE M5","CAR","GAS",1.9,4,9.6,189
"2001 SATURN SC COUPE # A4","CAR","GAS",1.9,4,10.6,209
"2001 SATURN SC COUPE # M5","CAR","GAS",1.9,4,10.3,202
"2001 SATURN SL A4","CAR","GAS",1.9,4,10,198
"2001 SATURN SL M5","CAR","GAS",1.9,4,9.3,184
"2001 SATURN SL # A4","CAR","GAS",1.9,4,10.6,209
"2001 SATURN SL # M5","CAR","GAS",1.9,4,10.3,202
"2001 SATURN SW WAGON # A4","TRUCK/SUV","GAS",1.9,4,10.6,209
"2001 SATURN SW WAGON # M5","TRUCK/SUV","GAS",1.9,4,10.3,202
"2001 SUBARU FORESTER AWD A4","TRUCK/SUV","GAS",2.5,4,12.2,255
"2001 SUBARU FORESTER AWD M5","TRUCK/SUV","GAS",2.5,4,12.5,253
"2001 SUBARU IMPREZA AWD A4","CAR","GAS",2.2,4,11.7,239
"2001 SUBARU IMPREZA AWD M5","CAR","GAS",2.2,4,11.8,242
"2001 SUBARU IMPREZA WAGON AWD A4","TRUCK/SUV","GAS",2.2,4,11.7,239
"2001 SUBARU IMPREZA WAGON AWD M5","TRUCK/SUV","GAS",2.2,4,11.8,242
"2001 SUBARU LEGACY AWD A4","CAR","GAS",2.5,4,12.2,255
"2001 SUBARU LEGACY AWD M5","CAR","GAS",2.5,4,12.5,253
"2001 SUBARU LEGACY WAGON AWD A4","TRUCK/SUV","GAS",2.5,4,12.3,255
"2001 SUBARU LEGACY WAGON AWD M5","TRUCK/SUV","GAS",2.5,4,12.5,253
"2001 SUZUKI ESTEEM A4","CAR","GAS",1.6,4,9.9,205
"2001 SUZUKI ESTEEM M5","CAR","GAS",1.6,4,8.8,182
"2001 SUZUKI ESTEEM WAGON A4","TRUCK/SUV","GAS",1.8,4,10.3,209
"2001 SUZUKI ESTEEM WAGON M5","TRUCK/SUV","GAS",1.8,4,9.6,196
"2001 SUZUKI GRAND VITARA 4X4 A4","TRUCK/SUV","GAS",2.5,6,14.5,313
"2001 SUZUKI GRAND VITARA 4X4 M5","TRUCK/SUV","GAS",2.5,6,13.8,294
"2001 SUZUKI SWIFT A3","CAR","GAS",1.3,4,9.1,191
"2001 SUZUKI SWIFT M5","CAR","GAS",1.3,4,7.6,156
"2001 SUZUKI VITARA 4-DOOR 4X4 A4","TRUCK/SUV","GAS",2,4,11.7,251
"2001 SUZUKI VITARA 4-DOOR 4X4 M5","TRUCK/SUV","GAS",2,4,11.8,253
"2001 SUZUKI VITARA CONVERTIBLE 4X4 M5","TRUCK/SUV","GAS",1.6,4,10.5,228
"2001 SUZUKI VITARA CONVERTIBLE 4X4 A4","TRUCK/SUV","GAS",2,4,11.7,253
"2001 SUZUKI XL-7 4X4 A4","TRUCK/SUV","GAS",2.7,6,15.4,327
"2001 SUZUKI XL-7 4X4 M5","TRUCK/SUV","GAS",2.7,6,15.2,322
"2001 TOYOTA 4RUNNER 4X4 A4","TRUCK/SUV","GAS",3.4,6,16.1,343
"2001 TOYOTA AVALON A4","CAR","GAS",3,6,12.7,251
"2001 TOYOTA CAMRY A4","CAR","GAS",2.2,4,11.5,230
"2001 TOYOTA CAMRY M5","CAR","GAS",2.2,4,11.3,223
"2001 TOYOTA CAMRY SOLARA A4","CAR","GAS",2.2,4,11.5,230
"2001 TOYOTA CAMRY SOLARA M5","CAR","GAS",3,6,12.7,253
"2001 TOYOTA CAMRY SOLARA CONVERTIBLE A4","CAR","GAS",3,6,14,281
"2001 TOYOTA CELICA A4","CAR","GAS",1.8,4,9.5,193
"2001 TOYOTA CELICA AS4","CAR","DIESEL",1.8,4,11.6,237
"2001 TOYOTA CELICA M5","CAR","GAS",1.8,4,9.6,202
"2001 TOYOTA CELICA M6","CAR","DIESEL",1.8,4,11.6,230
"2001 TOYOTA COROLLA A4","CAR","GAS",1.8,4,8.9,179
"2001 TOYOTA COROLLA M5","CAR","GAS",1.8,4,8.5,175
"2001 TOYOTA ECHO A4","CAR","GAS",1.5,4,8.6,179
"2001 TOYOTA ECHO M5","CAR","GAS",1.5,4,8,166
"2001 TOYOTA PRIUS AV","CAR","GAS",1.5,4,5.5,129
"2001 TOYOTA RAV4 4X4 A4","TRUCK/SUV","GAS",2,4,11.9,251
"2001 TOYOTA RAV4 4X4 M5","TRUCK/SUV","GAS",2,4,12,251
"2001 TOYOTA SEQUOIA 4X4 A4","TRUCK/SUV","GAS",4.7,8,19.3,400
"2001 TOYOTA SIENNA A4","TRUCK/SUV","GAS",3,6,13.9,283
"2001 TOYOTA TACOMA A4","TRUCK/SUV","GAS",2.4,4,12.7,274
"2001 TOYOTA TACOMA M5","TRUCK/SUV","GAS",2.4,4,12.6,267
"2001 TOYOTA TACOMA 4X4 A4","TRUCK/SUV","GAS",2.7,4,13.9,299
"2001 TOYOTA TACOMA 4X4 M5","TRUCK/SUV","GAS",2.7,4,14.5,306
"2001 TOYOTA TUNDRA A4","TRUCK/SUV","GAS",3.4,6,16.1,336
"2001 TOYOTA TUNDRA M5","TRUCK/SUV","GAS",3.4,6,15.7,334
"2001 TOYOTA TUNDRA A5","TRUCK/SUV","GAS",4.7,8,17.4,363
"2001 TOYOTA TUNDRA 4X4 A4","TRUCK/SUV","GAS",3.4,6,17.2,368
"2001 VOLKSWAGEN CABRIO A4","CAR","GAS",2,4,12.6,253
"2001 VOLKSWAGEN CABRIO M5","CAR","GAS",2,4,11.2,230
"2001 VOLKSWAGEN GOLF A4","CAR","DIESEL",1.8,4,11.9,246
"2001 VOLKSWAGEN GOLF M5","CAR","DIESEL",1.8,4,11,225
"2001 VOLKSWAGEN GTI A4","CAR","DIESEL",1.8,4,11.9,246
"2001 VOLKSWAGEN GTI M5","CAR","DIESEL",1.8,4,11,225
"2001 VOLKSWAGEN JETTA A4","CAR","DIESEL",1.8,4,11.9,246
"2001 VOLKSWAGEN JETTA M5","CAR","DIESEL",1.8,4,11,225
"2001 VOLKSWAGEN NEW BEETLE A4","CAR","DIESEL",1.8,4,11.7,239
"2001 VOLKSWAGEN NEW BEETLE M5","CAR","DIESEL",1.8,4,11,228
"2001 VOLKSWAGEN PASSAT A5","CAR","DIESEL",1.8,4,13.3,262
"2001 VOLKSWAGEN PASSAT M5","CAR","DIESEL",1.8,4,11.9,237
"2001 VOLKSWAGEN PASSAT 4MOTION A5","CAR","DIESEL",2.8,6,15.3,306
"2001 VOLKSWAGEN PASSAT 4MOTION WAGON A5","TRUCK/SUV","DIESEL",2.8,6,15.3,306
"2001 VOLKSWAGEN PASSAT WAGON A5","TRUCK/SUV","DIESEL",1.8,4,13.3,262
"2001 VOLKSWAGEN PASSAT WAGON M5","TRUCK/SUV","DIESEL",1.8,4,11.9,237
"2001 VOLVO S40 TURBO A5","CAR","DIESEL",1.9,4,11.9,235
"2001 VOLVO S80/S80 EXECUTIVE 2.9 A4","CAR","DIESEL",2.9,6,13.6,271
"2001 VOLVO S80/S80 EXECUTIVE T-6 TURBO AS4","CAR","DIESEL",2.8,6,14.2,281
"2001 VOLVO V40 WAGON TURBO A5","TRUCK/SUV","DIESEL",1.9,4,11.9,235
